<?xml version="1.0" encoding="UTF-8"?>
<project-private xmlns="http://www.netbeans.org/ns/project-private/1">
    <editor-bookmarks xmlns="http://www.netbeans.org/ns/editor-bookmarks/2" lastBookmarkId="0"/>
    <open-files xmlns="http://www.netbeans.org/ns/projectui-open-files/2">
        <group>
            <file>file:/C:/wamp64/www/rallyeLecture/application/views/AccountInscrit.php</file>
            <file>file:/C:/wamp64/www/rallyeLecture/application/views/Login.php</file>
            <file>file:/C:/wamp64/www/rallyeLecture/application/views/AccountCreate.php</file>
            <file>file:/C:/wamp64/www/rallyeLecture/application/views/LivreIndex.php</file>
            <file>file:/C:/wamp64/www/rallyeLecture/application/views/EditeurIndex.php</file>
            <file>file:/C:/wamp64/www/rallyeLecture/application/config/aauth.php</file>
            <file>file:/C:/wamp64/www/rallyeLecture/application/views/Menu.php</file>
            <file>file:/C:/wamp64/www/rallyeLecture/application/views/EnseignantIndex.php</file>
            <file>file:/C:/wamp64/www/rallyeLecture/application/controllers/Account.php</file>
            <file>file:/C:/wamp64/www/rallyeLecture/application/config/email.php</file>
            <file>file:/C:/wamp64/www/rallyeLecture/application/libraries/Aauth.php</file>
            <file>file:/C:/wamp64/www/rallyeLecture/application/controllers/Enseignant.php</file>
            <file>file:/C:/wamp64/www/rallyeLecture/application/views/AccountConfirmation.php</file>
            <file>file:/C:/wamp64/www/rallyeLecture/application/config/autoload.php</file>
            <file>file:/C:/wamp64/www/rallyeLecture/application/controllers/Login.php</file>
        </group>
    </open-files>
</project-private>
